{"cameraMode":{"drawMode":0,"name":"Shaded","section":"Shading Mode"},"sceneLighting":true,"audioPlay":false,"sceneViewState":{"m_AlwaysRefresh":false,"showFog":true,"showSkybox":true,"showFlares":true,"showImageEffects":true,"showParticleSystems":true,"showVisualEffectGraphs":true,"m_FxEnabled":true},"in2DMode":false,"pivot":{"x":-5.040062427520752,"y":36.376060485839847,"z":-6.066684246063232},"rotation":{"x":0.6721022725105286,"y":0.0037602847442030908,"z":-0.00298613915219903,"w":0.7408223152160645},"size":5.054978847503662,"orthographic":false}